<?xml version="1.0" encoding="UTF-8" standalone="yes"?>
<addon id="plugin.video.filmelozetesek"
	name="Filmelőzetesek"
	version="1.0.2"
	provider-name="double beretta">
  <requires>
    <import addon="xbmc.python" version="2.14.0"/>
    <import addon="script.module.addon.common" version="2.0.0"/>
    <import addon="plugin.video.youtube" version="5.0.0"/>
  </requires>
  <extension point="xbmc.python.pluginsource" library="default.py">
    <provides>video</provides>
  </extension>
  <extension point="xbmc.addon.metadata">
    <summary lang="hu">Magyar filmelőzetesek a Youtube-ról</summary>
    <summary lang="en">Hungarian trailers from Youtube</summary>
    <description lang="hu"></description>
    <platform>all</platform>
    <source>https://github.com/hunrepo/Bifrost-Repo/tree/master/plugin.video.filmelozetesek</source>
    <license>GPL v3.0</license>
    <assets>
        <icon>icon.png</icon>
        <fanart>fanart.png</fanart>
        <screenshot>resources/screenshots/screenshot-01.jpg</screenshot>
        <screenshot>resources/screenshots/screenshot-02.jpg</screenshot>
        <screenshot>resources/screenshots/screenshot-03.jpg</screenshot>
    </assets>
    <news>Hibajavitas</news>
  </extension>
</addon>