<?xml version="1.0" encoding="UTF-8" standalone="yes"?>
<addon id="plugin.video.visszanezo" name="VisszaNéző" version="1.0.1" provider-name="double beretta">
	<requires>
		<import addon="xbmc.python" version="2.1.0"/>
	</requires>
	<extension point="xbmc.python.pluginsource" library="addon.py">
		<provides>video</provides>
	</extension>
	<extension point="xbmc.service" library="default.py" />
	<extension point="xbmc.addon.metadata">
		<summary lang="en">List of played history</summary>
		<summary lang="hu">Lejtászott előzmények listája</summary>
		<description lang="en">List of the last movies, episodes and music played, including streaming sources from any addon</description>
		<description lang="hu">Az utoljára játszott filmeket, epizódokat és zenéket, valamint a kiegészítők forrásait listázza ez a kiegészítő.</description>
		<disclaimer lang="en"></disclaimer>
		<disclaimer lang="hu"></disclaimer>
		<platform>all</platform>
		<license>GNU GENERAL PUBLIC LICENSE Version 3, 29 June 2007</license>
	</extension>
</addon>