<addon id="repository.bifrost" version="1.0.0" name="BiFrost Repo" provider-name="double beretta">
<extension point="xbmc.addon.repository" name="Bifrost Repo">
<info compressed="false">http://raw.github.com/hunrepo/Bifrost-Repo/master/addons.xml</info>
<checksum>http://raw.github.com/hunrepo/Bifrost-Repo/master/addons.xml.md5</checksum>
<datadir zip="true">http://raw.github.com/hunrepo/Bifrost-Repo/master/zips</datadir>
</extension>
<extension point="xbmc.addon.metadata">
<summary lang="en">Bifrost Repo</summary>
<description lang="en"></description>
<platform>all</platform>
</extension>
</addon>